,Precision,Recall,F1,ROC-AUC
Naive Bayes,0.9984251968503937,0.8326353467561521,0.9079367022127496,0.9896722189379977
Logistic Regression,0.9888680960690654,0.7067740492170023,0.8241269065443653,0.9911162175006665
Linear SVM,0.9824731658523449,0.8969038031319911,0.937664578731415,0.9922449166000163
Hard Voting,0.9937007874015749,0.8487069351230426,0.915462375573779,
Soft Voting,0.9864670215100965,0.8848322147651008,0.9327803251758807,0.9926173940258023
Stacking,0.973390550696136,0.925020134228188,0.9484596544960577,0.9923563097680566
AdaBoost (Stumps),0.9545034461699384,0.4217539149888143,0.5847260226164428,0.9267432254175795
